State,SL_NO,PC_No,PC_Name,Electors_Total,Voters_Male,Voters_Female,Voters_TG,Voters_Total,Voters_NRI,Postal_Votes,Total_Voters,Turnout_Percent,Turnout_Male,Turnout_Female,Turnout_TG
Andaman & Nicobar Islands,1.,1,Andaman & Nicobar Islands,318471,109407,97671,2,207080,0,318,207398,65.12,64.63,65.47,22.22
Andhra Pradesh,2.,1,Aruku,1451418,523085,544258,19,1067362,0,10873,1078235,74.29,73.71,73.39,20.21
Andhra Pradesh,3.,2,Srikakulam,1553860,548060,594937,14,1143011,0,21275,1164286,74.93,70.08,77.11,6.7
Andhra Pradesh,4.,3,Vizianagaram,1503980,603059,605843,7,1208909,0,13524,1222433,81.28,79.98,80.8,5.69
Andhra Pradesh,5.,4,Visakhapatnam,1829300,608306,624713,7,1233026,0,6895,1239921,67.78,66.26,68.57,6.03
Andhra Pradesh,6.,5,Anakapalli,1521363,606111,626764,6,1232881,0,7575,1240456,81.54,80.79,81.29,9.09
Andhra Pradesh,7.,6,Kakinada,1563930,616003,611330,66,1227399,0,9415,1236814,79.08,79.38,77.61,29.33
Andhra Pradesh,8.,7,Amalapuram,1459556,617210,607337,0,1224547,0,10821,1235368,84.64,84.62,83.18,0
Andhra Pradesh,9.,8,Rajahmundry,1534256,617706,626974,8,1244688,0,5800,1250488,81.5,81.92,80.37,6.56
Andhra Pradesh,10.,9,Narsapuram,1439691,580912,587960,35,1168907,5,10255,1179162,81.9,81.94,80.48,22.88
Andhra Pradesh,11.,10,Eluru,1594950,659879,662137,32,1322048,0,10162,1332210,83.53,84,81.82,24.24
Andhra Pradesh,12.,11,Machilipatnam,1473347,609214,626244,14,1235472,0,10080,1245552,84.54,84.43,83.31,13.86
Andhra Pradesh,13.,12,Vijayawada,1652994,632378,640718,36,1273132,0,4643,1277775,77.3,77.57,76.49,20.69
Andhra Pradesh,14.,13,Guntur,1706119,659306,686873,31,1346210,0,5317,1351527,79.22,79.43,78.43,14.55
Andhra Pradesh,15.,14,Narasaraopet,1670391,707594,721882,49,1429525,0,11207,1440732,86.25,86.15,85.04,23.79
Andhra Pradesh,16.,15,Bapatla,1468671,618167,636396,7,1254570,0,15428,1269998,86.47,85.54,85.32,8.24
Andhra Pradesh,17.,16,Ongole,1556469,663664,659603,29,1323296,0,20707,1344003,86.35,84.95,85.1,33.33
Andhra Pradesh,18.,17,Nandyal,1603220,639159,649242,75,1288476,0,11309,1299785,81.07,80.67,80.09,22.46
Andhra Pradesh,19.,18,Kurnool,1573009,596807,585326,24,1182157,0,8515,1190672,75.69,75.86,74.46,12.06
Andhra Pradesh,20.,19,Anantapur,1664160,672882,661447,46,1334375,0,13739,1348114,81.01,80.82,79.56,25.27
Andhra Pradesh,21.,20,Hindupur,1578218,672703,654120,20,1326843,0,13184,1340027,84.91,84.57,83.57,27.78
Andhra Pradesh,22.,21,Kadapa,1570330,593730,625851,67,1219648,0,15899,1235547,78.68,76.65,78.67,28.63
Andhra Pradesh,23.,22,Nellore,1672845,629756,644145,33,1273934,0,15227,1289161,77.06,76.63,75.72,14.16
Andhra Pradesh,24.,23,Tirupati,1650453,643590,660641,31,1304262,0,12211,1316473,79.76,79.4,78.68,12.16
Andhra Pradesh,25.,24,Rajampet,1546938,597375,615378,21,1212774,0,13378,1226152,79.26,77.87,78.93,13.04
Andhra Pradesh,26.,25,Chittoor,1566499,650995,658150,27,1309172,0,10463,1319635,84.24,83.49,83.67,17.76
Arunachal Pradesh,27.,1,ARUNACHAL WEST,463775,160826,183297,0,344123,0,19924,364047,78.5,71.23,77.01,0
Arunachal Pradesh,28.,2,ARUNACHAL EAST,339788,139963,142891,0,282854,0,12865,295719,87.03,80.45,86.18,0
Assam,29.,1,Karimganj,1340173,556550,502069,0,1058619,0,2541,1061160,79.18,79.65,78.28,0
Assam,30.,2,Silchar,1195720,485516,459284,2,944802,0,5888,950690,79.51,78.52,79.55,2.67
Assam,31.,3,Autonomous District,795945,312945,302927,0,615872,0,1986,617858,77.63,77.2,77.56,0
Assam,32.,4,Dhubri,1858566,862010,820604,2,1682616,0,2442,1685058,90.66,90.61,90.45,8.33
Assam,33.,5,Kokrajhar,1776358,751087,718477,0,1469564,0,10180,1479744,83.3,82.44,83.04,0
Assam,34.,6,Barpeta,1685149,750196,702041,1,1452238,0,6570,1458808,86.57,85.92,86.45,6.25
Assam,35.,7,Gauhati,2181319,899023,862213,4,1761240,0,2710,1763950,80.87,81.48,79.99,5.13
Assam,36.,8,Mangaldoi,1800237,777107,724548,0,1501655,0,4764,1506419,83.68,83.96,82.84,0
Assam,37.,9,Tezpur,1499639,598677,587656,2,1186335,0,5550,1191885,79.48,77.93,80.35,6.45
Assam,38.,10,Nowgong,1794648,761620,728706,3,1490329,0,3295,1493624,83.23,82.58,83.54,6.12
Assam,39.,11,Kaliabor,1734938,728541,693125,5,1421671,0,3124,1424795,82.12,82.17,81.71,10.87
Assam,40.,12,Jorhat,1365035,535678,518560,1,1054239,0,4581,1058820,77.57,77.23,77.24,14.29
Assam,41.,13,Dibrugarh,1314319,514418,499258,1,1013677,0,2315,1015992,77.3,77.39,76.86,3.57
Assam,42.,14,Lakhimpur,1708013,651081,628945,2,1280028,0,3922,1283950,75.17,74.82,75.07,4.76
Bihar,43.,1,Valmiki Nagar,1665502,530289,499397,2,1029688,0,2543,1032231,61.98,59.26,64.81,2.08
Bihar,44.,2,Paschim Champaran,1633824,524330,483548,5,1007883,0,5490,1013373,62.02,59.63,64.1,7.94
Bihar,45.,3,Purvi Champaran,1658672,502773,490037,0,992810,0,7325,1000135,60.3,56.88,63.25,0
Bihar,46.,4,Sheohar,1686215,500312,500529,0,1000841,0,4086,1004927,59.6,55.8,63.4,0
Bihar,47.,5,Sitamarhi,1752454,504721,529645,1,1034367,0,5233,1039600,59.32,54.35,64.3,1.79
Bihar,48.,6,Madhubani,1792798,454516,507776,2,962294,0,2412,964706,53.81,48.04,59.98,3.92
Bihar,49.,7,Jhanjharpur,1852417,496451,562801,0,1059252,0,3139,1062391,57.35,51.15,63.83,0
Bihar,50.,8,Supaul,1690620,529157,580683,0,1109840,0,1156,1110996,65.72,60.09,71.68,0
Bihar,51.,9,Araria,1805439,575565,593532,1,1169098,0,643,1169741,64.79,60.55,69.43,1.59
Bihar,52.,10,Kishanganj,1659651,537374,563614,3,1100991,0,665,1101656,66.38,62.55,70.4,5
Bihar,53.,11,Katihar,1653353,554254,562770,0,1117024,0,1265,1118289,67.64,63.26,72.41,0
Bihar,54.,12,Purnia,1765312,574694,578456,1,1153151,0,838,1153989,65.37,62.72,68.13,2
Bihar,55.,13,Madhepura,1884883,552934,592789,0,1145723,0,1929,1147652,60.89,56.59,65.3,0
Bihar,56.,14,Darbhanga,1654811,468623,493457,2,962082,0,3428,965510,58.35,53.48,63.38,9.52
Bihar,57.,15,Muzaffarpur,1730553,532392,521572,0,1053964,0,4543,1058507,61.17,57.7,64.56,0
Bihar,58.,16,Vaishali,1735983,536923,535176,2,1072101,0,2650,1074751,61.91,57.58,66.6,4.17
Bihar,59.,17,Gopalganj (SC),1839514,476256,539136,2,1015394,0,10662,1026056,55.78,50.62,59.99,2.74
Bihar,60.,18,Siwan,1799551,471597,510554,0,982151,0,2699,984850,54.73,49.96,59.68,0
Bihar,61.,19,Maharajganj,1807768,467023,501866,2,968891,0,4098,972989,53.82,48.78,59.02,4.08
Bihar,62.,20,Saran,1667253,479986,458722,0,938708,0,4907,943615,56.6,53.53,59.53,0
Bihar,63.,21,Hajipur (SC),1823664,518835,485247,4,1004086,0,3594,1007680,55.26,52.72,57.81,6.78
Bihar,64.,22,Ujiarpur,1612300,478018,488760,1,966779,0,3083,969862,60.15,55.52,65.06,1.69
Bihar,65.,23,Samastipur (SC),1679030,496337,520796,0,1017133,0,2638,1019771,60.74,55.68,66.13,0
Bihar,66.,24,Begusarai,1958382,603585,613828,3,1217416,0,9087,1226503,62.63,57.84,67.1,4.84
Bihar,67.,25,Khagaria,1676454,467181,497927,4,965112,0,2299,967411,57.71,52.73,62.99,11.43
Bihar,68.,26,Bhagalpur,1823820,546334,493759,3,1040096,0,3086,1043182,57.2,56.51,57.61,4.35
Bihar,69.,27,Banka,1699394,497999,496121,0,994120,0,1740,995860,58.6,55.12,62.34,0
Bihar,70.,28,Munger,1888025,547935,483085,1,1031021,0,5420,1036441,54.9,53.97,55.36,1.89
Bihar,71.,29,Nalanda,2114809,559964,469057,0,1029021,0,2853,1031874,48.79,49.86,47.3,0
Bihar,72.,30,Patna Sahib,2146008,548683,429918,1,978602,0,4337,982939,45.8,48.4,42.47,0.9
Bihar,73.,31,Pataliputra,1925479,595000,478175,0,1073175,0,5634,1078809,56.03,58.85,52.29,0
Bihar,74.,32,Arrah,2089353,607717,465201,1,1072919,0,9545,1082464,51.81,52.85,49.52,0.85
Bihar,75.,33,Buxar,1829373,543539,436752,0,980291,0,6671,986962,53.95,55.96,50.91,0
Bihar,76.,34,Sasaram (SC),1787878,531450,437794,0,969244,0,6333,975577,54.57,56.59,51.59,0
Bihar,77.,35,Karakat,1771254,483732,380773,2,864507,0,5039,869546,49.09,51.6,45.67,3.51
Bihar,78.,36,Jahanabad,1588454,443543,373430,1,816974,0,5259,822233,51.76,53.45,49.23,2.27
Bihar,79.,37,Aurangabad,1742883,485950,446877,5,932832,0,2637,935469,53.67,52.81,54.33,9.62
Bihar,80.,38,Gaya (SC),1704596,499260,455841,1,955102,0,2552,957654,56.18,56.48,55.55,1.72
Bihar,81.,39,Nawada,1899747,482016,453338,1,935355,0,9336,944691,49.73,48.76,49.76,1.25
Bihar,82.,40,Jamui (SC),1718814,479673,467631,2,947306,0,2255,949561,55.25,52.61,57.94,5.71
Chandigarh,83.,1,CHANDIGARH,646729,240635,215557,15,456207,1,430,456637,70.61,70.32,70.79,71.43
Chhattisgarh,84.,1,SARGUJA,1655239,648612,629773,7,1278392,0,2824,1281216,77.4,78.07,76.39,41.18
Chhattisgarh,85.,2,RAIGARH,1733805,671128,675724,11,1346863,0,3878,1350741,77.91,77.55,77.81,39.29
Chhattisgarh,86.,3,JANJGIR-CHAMPA,1897134,635661,607315,4,1242980,0,5494,1248474,65.81,65.81,65.22,16
Chhattisgarh,87.,4,KORBA,1508840,574105,560913,18,1135036,0,2387,1137423,75.38,75.62,74.83,32.73
Chhattisgarh,88.,5,BILASPUR,1876953,623184,584177,22,1207383,0,2878,1210261,64.48,65.35,63.28,24.18
Chhattisgarh,89.,6,RAJNANDGAON,1716459,663568,640925,3,1304496,0,3382,1307878,76.2,77.24,74.76,50
Chhattisgarh,90.,7,DURG,1940269,715194,674156,11,1389361,0,3358,1392719,71.78,73.09,70.1,16.67
Chhattisgarh,91.,8,RAIPUR,2111738,721979,671279,33,1393291,0,3851,1397142,66.16,67.32,64.61,11.11
Chhattisgarh,92.,9,MAHASAMUND,1637951,617513,602242,5,1219760,0,3007,1222767,74.65,75.89,73.07,22.73
Chhattisgarh,93.,10,BASTAR,1379122,444689,465274,12,909975,0,3786,913761,66.26,67.03,65.01,29.27
Chhattisgarh,94.,11,KANKER,1558952,577274,577547,8,1154829,0,5414,1160243,74.42,74.85,73.32,25.81
Dadra & Nagar Haveli,95.,1,Dadra And Nagar Haveli,250029,103446,95479,0,198925,0,59,198984,79.58,78.13,81.17,0
Daman & Diu,96.,1,Daman & diu,121740,41600,45841,0,87441,0,32,87473,71.85,68.2,75.47,0
Goa,97.,1,North Goa,556761,209594,218000,0,427594,1,1412,429006,77.05,76.96,76.64,0
Goa,98.,2,South Goa,579352,199877,223780,0,423657,0,1061,424718,73.31,70.45,75.7,0
Gujarat,99.,1,Kachchh,1744321,550098,465094,3,1015195,0,8957,1024152,58.71,60.5,55.7,25
Gujarat,100.,2,Banaskantha,1697384,614524,482443,3,1096970,0,6769,1103739,65.03,68.98,59.81,75
Gujarat,101.,3,Patan,1807043,610449,509917,7,1120373,0,8044,1128417,62.45,65.04,58.72,33.33
Gujarat,102.,4,Mahesana,1648869,584781,492257,9,1077047,0,7630,1084677,65.78,68.43,61.98,25
Gujarat,103.,5,Sabarkantha,1801717,645239,562915,14,1208168,0,12810,1220978,67.77,69.7,64.27,26.42
Gujarat,104.,6,Gandhinagar,1945772,689408,586038,7,1275453,0,10373,1285826,66.08,68.65,62.25,14.89
Gujarat,105.,7,Ahmedabad East,1811851,619676,489608,12,1109296,0,9768,1119064,61.76,64.82,57.21,17.91
Gujarat,106.,8,Ahmedabad West,1643317,544767,446929,6,991702,0,7531,999233,60.81,63.95,56.47,24
Gujarat,107.,9,Surendranagar,1849429,598970,470272,9,1069251,0,10948,1080199,58.41,61.67,53.55,27.27
Gujarat,108.,10,Rajkot,1884339,658951,530759,2,1189712,0,6588,1196300,63.49,67.23,58.7,11.11
Gujarat,109.,11,Porbandar,1662368,533165,410171,5,943341,0,7766,951107,57.21,61.61,51.47,41.67
Gujarat,110.,12,Jamnagar,1657166,557825,446952,5,1004782,0,6667,1011449,61.03,65.02,55.92,20.83
Gujarat,111.,13,Junagadh,1642864,542217,454800,8,997025,0,10227,1007252,61.31,63.87,57.29,50
Gujarat,112.,14,Amreli,1628451,495865,411648,6,907519,0,3924,911443,55.97,58.74,52.49,28.57
Gujarat,113.,15,Bhavnagar,1768297,567578,464533,9,1032120,0,12122,1044242,59.05,61.62,54.84,25.71
Gujarat,114.,16,Anand,1655870,602173,503504,30,1105707,0,4377,1110084,67.04,70.45,62.86,27.78
Gujarat,115.,17,Kheda,1804028,612434,481581,23,1094038,0,7135,1101173,61.04,65.78,55.16,31.94
Gujarat,116.,18,Panchmahal,1744762,577870,498261,6,1076137,0,9581,1085718,62.23,64.31,58.89,40
Gujarat,117.,19,Dahod,1598939,543050,514433,3,1057486,0,6905,1064391,66.57,67.56,64.7,18.75
Gujarat,118.,20,Vadodara,1794896,647847,570017,42,1217906,0,5803,1223709,68.18,70.22,65.36,31.58
Gujarat,119.,21,Chhota Udaipur,1671253,652896,573945,1,1226842,0,8213,1235055,73.9,75.71,70.96,9.09
Gujarat,120.,22,Bharuch,1564519,606980,538517,13,1145510,0,5148,1150658,73.55,75.42,70.89,31.71
Gujarat,121.,23,Bardoli,1826526,706293,637358,0,1343651,0,5994,1349645,73.89,75.55,71.48,0
Gujarat,122.,24,Surat,1655704,593569,472777,13,1066359,0,2894,1069253,64.58,66.59,61.86,22.03
Gujarat,123.,25,Navsari,1971658,713388,589682,11,1303081,0,6155,1309236,66.4,66.26,65.89,14.29
Gujarat,124.,26,Valsad,1671030,647087,609749,2,1256838,0,4526,1261364,75.48,75.84,74.56,14.29
Haryana,125.,1,Ambala,1853711,707597,605795,2,1313394,0,4528,1317922,71.1,71.43,70.2,6.67
Haryana,126.,2,Kurukshetra,1657335,654657,572801,4,1227462,0,3703,1231165,74.29,74.16,73.96,26.67
Haryana,127.,3,Sirsa,1803349,730867,636499,4,1367370,0,2946,1370316,75.99,76.21,75.39,57.14
Haryana,128.,4,Hisar,1631817,638294,536805,1,1175100,0,6778,1181878,72.43,72.33,71.63,14.29
Haryana,129.,5,Karnal,1904193,706599,591424,3,1298026,0,3448,1301474,68.35,69.33,66.83,5.88
Haryana,130.,6,Sonipat,1592611,610957,512815,4,1123776,0,7370,1131146,71.02,70.52,70.61,16
Haryana,131.,7,Rohtak,1737133,653164,556508,2,1209674,0,15320,1224994,70.52,69.66,69.61,11.11
Haryana,132.,8,Bhiwani-Mahendragarh,1654317,608691,538446,3,1147140,0,18766,1165906,70.48,68.4,70.44,20
Haryana,133.,9,Gurgaon,2150728,775280,666146,12,1441438,0,6663,1448101,67.33,67.69,66.26,27.91
Haryana,134.,10,Faridabad,2071816,741280,583185,2,1324467,0,3660,1328127,64.1,64.86,62.78,4.26
Himachal Pradesh,135.,1,Kangra,1427338,470334,520805,3,991142,0,18414,1009556,70.73,64.66,74.41,15
Himachal Pradesh,136.,2,Mandi,1281462,461030,469659,2,930691,0,12457,943148,73.6,70.84,74.47,40
Himachal Pradesh,137.,3,Hamirpur,1362269,458194,514168,3,972365,0,19722,992087,72.83,66.24,76.68,42.86
Himachal Pradesh,138.,4,Shimla,1259085,475787,431773,8,907568,0,7581,915149,72.68,72.72,71.39,53.33
Jammu & Kashmir,139.,1,Baramulla,1317738,250078,202036,0,452114,0,3885,455999,34.6,36.69,31.76,0
Jammu & Kashmir,140.,2,Srinagar,1294671,106916,79450,0,186366,0,497,186863,14.43,16.02,12.67,0
Jammu & Kashmir,141.,3,Anantnag,1397779,71575,51274,0,122849,0,2616,125465,8.98,9.88,7.62,0
Jammu & Kashmir,142.,4,Ladakh,179232,62035,61258,0,123293,0,4057,127350,71.05,66.67,71.07,0
Jammu & Kashmir,143.,5,Udhampur,1685816,610575,558519,1,1169095,0,13585,1182680,70.15,68.12,70.75,2.33
Jammu & Kashmir,144.,6,Jammu,2047302,758278,697010,2,1455290,0,29097,1484387,72.5,70.08,72.21,8.7
Jharkhand,145.,1,Rajmahal,1454436,528919,516393,0,1045312,0,2541,1047853,72.05,71.25,72.52,0
Jharkhand,146.,2,Dumka,1397253,518137,505399,2,1023538,0,2443,1025981,73.43,72.07,74.51,28.57
Jharkhand,147.,3,Godda,1716766,610174,578795,0,1188969,0,5374,1194343,69.57,67.28,71.47,0
Jharkhand,148.,4,Chatra,1425218,463730,458631,0,922361,0,3595,925956,64.97,61.75,68.02,0
Jharkhand,149.,5,Kodarma,1814125,594662,613587,5,1208254,0,1407,1209661,66.68,61.91,71.88,31.25
Jharkhand,150.,6,Giridih,1649413,576909,526778,3,1103690,0,3466,1107156,67.12,65.59,68.43,15.79
Jharkhand,151.,7,Dhanbad,2072634,681732,567412,7,1249151,0,4114,1253265,60.47,60.56,59.93,20.59
Jharkhand,152.,8,Ranchi,1915959,641669,589258,5,1230932,0,4682,1235614,64.49,63.97,64.55,9.43
Jharkhand,153.,9,Jamshedpur,1703279,590506,552796,15,1143317,0,1110,1144427,67.19,67.65,66.58,26.79
Jharkhand,154.,10,Singhbhum,1269917,441917,436562,1,878480,0,1036,879516,69.26,69.41,68.95,14.29
Jharkhand,155.,11,Khunti,1202664,410870,419556,0,830426,0,2408,832834,69.25,68.02,70.09,0
Jharkhand,156.,12,Lohardaga,1234286,404489,409371,0,813860,0,4507,818367,66.3,63.94,68.04,0
Jharkhand,157.,13,Palamau,1881441,626122,579847,0,1205969,0,4457,1210426,64.34,61.63,66.99,0
Jharkhand,158.,14,Hazaribagh,1667465,552495,526659,1,1079155,0,2227,1081382,64.85,62.27,67.5,8.33
Karnataka,159.,1,Chikkodi,1612556,632366,579970,9,1212345,0,7138,1219483,75.62,76.65,73.65,15.79
Karnataka,160.,2,Belgaum,1779350,625609,573504,4,1199117,0,8025,1207142,67.84,69.69,65.05,7.27
Karnataka,161.,3,Bagalkot,1704010,619749,580993,14,1200756,0,3946,1204702,70.7,72.59,68.34,15.22
Karnataka,162.,4,Bijapur,1797587,588408,520348,25,1108781,0,3712,1112493,61.89,63.76,59.51,9.29
Karnataka,163.,5,Gulbarga,1945765,610885,574754,6,1185645,0,4826,1190471,61.18,62.3,59.57,1.76
Karnataka,164.,6,Raichur,1928204,575578,546569,5,1122152,0,2810,1124962,58.34,60.21,56.24,1.36
Karnataka,165.,7,Bidar,1775095,577170,536980,2,1114152,0,4103,1118255,63,62.75,62.79,1.94
Karnataka,166.,8,Koppal,1736693,606297,581406,7,1187710,0,2917,1190627,68.56,70.25,66.56,6.19
Karnataka,167.,9,Bellary,1751734,621814,597246,17,1219077,0,2908,1221985,69.76,71.36,67.86,7.33
Karnataka,168.,10,Haveri,1708510,661429,601867,0,1263296,0,4592,1267888,74.21,75.78,72.03,0
Karnataka,169.,11,Dharwad,1727311,640913,569597,8,1210518,0,3620,1214138,70.29,73.05,67.03,7.55
Karnataka,170.,12,Uttara Kannada,1556599,591099,559157,5,1150261,0,4129,1154390,74.16,74.78,72.99,22.73
Karnataka,171.,13,Davanagere,1633064,617489,574795,9,1192293,0,2932,1195225,73.19,75.01,70.98,6.98
Karnataka,172.,14,Shimoga,1676668,641691,640582,6,1282279,0,1788,1284067,76.58,77.14,75.83,12
Karnataka,173.,15,Udupi Chikmagalur,1513806,563341,585785,5,1149131,11,2492,1151623,76.07,76.22,75.62,9.26
Karnataka,174.,16,Hassan,1652999,644500,629935,3,1274438,0,4215,1278653,77.35,77.29,76.9,6.67
Karnataka,175.,17,Dakshina Kannada,1724976,653563,689629,21,1343213,5,2134,1345347,77.99,77.27,78.45,20.59
Karnataka,176.,18,Chitradurga,1760633,639390,603639,6,1243035,0,3471,1246506,70.8,71.86,69.32,5.83
Karnataka,177.,19,Tumkur,1608545,630450,611065,13,1241528,0,3941,1245469,77.43,78.46,75.92,10.83
Karnataka,178.,20,Mandya,1712004,695384,680954,28,1376366,0,3256,1379622,80.59,81.28,79.52,19.05
Karnataka,179.,21,Mysore,1896333,664932,647532,14,1312478,0,5625,1318103,69.51,70.25,68.18,9.33
Karnataka,180.,22,Chamarajanagar,1686333,646902,620802,11,1267715,0,3010,1270725,75.35,76.73,73.63,9.65
Karnataka,181.,23,Bangalore Rural,2497458,831105,789254,39,1620398,0,2426,1622824,64.98,64.54,65.27,11.44
Karnataka,182.,24,Bangalore North,2849250,805444,750147,103,1555694,0,4630,1560324,54.76,54.35,54.88,20.77
Karnataka,183.,25,Bangalore central,2204817,621875,572763,67,1194705,0,2982,1197687,54.32,54.26,54.12,16.88
Karnataka,184.,26,Bangalore South,2215489,616311,568793,33,1185137,0,4520,1189657,53.7,53.43,53.58,9.59
Karnataka,185.,27,Chikkballapur,1808780,706576,678457,36,1385069,0,2918,1387987,76.74,77.57,75.58,15.13
Karnataka,186.,28,Kolar,1629961,642572,613779,20,1256371,0,2722,1259093,77.25,78.59,75.57,12.66
Kerala,187.,1,Kasaragod,1363937,507542,588600,1,1096143,204,3956,1100099,80.66,76.96,83.55,50
Kerala,188.,2,Kannur,1266550,484899,563025,1,1047925,186,6821,1054746,83.28,80.61,84.67,20
Kerala,189.,3,Vadakara,1288926,485642,575195,1,1060838,21477,5094,1065932,82.7,78.38,85.94,5.56
Kerala,190.,4,Wayanad,1359679,529074,560841,0,1089915,57,2844,1092759,80.37,78.4,81.89,0
Kerala,191.,5,Kozhikode,1318024,513589,557937,7,1071533,2693,5349,1076882,81.7,80.04,82.5,46.67
Kerala,192.,6,Malappuram,1370544,496309,536688,0,1032997,63,1802,1034799,75.5,71.81,78.99,0
Kerala,193.,7,Ponnani,1356803,466412,549928,1,1016341,104,1025,1017366,74.98,69.29,80.44,16.67
Kerala,194.,8,Palakkad,1323010,494469,531513,1,1025983,12,2891,1028874,77.77,76.4,78.65,20
Kerala,195.,9,Alathur,1266794,493240,522650,2,1015892,22,3484,1019376,80.47,79.45,80.91,50
Kerala,196.,10,Thrissur,1337110,488619,551694,5,1040318,45,1804,1042122,77.94,75.92,79.55,29.41
Kerala,197.,11,Chalakudy,1230197,482031,506846,6,988883,0,1550,990433,80.51,80.36,80.41,75
Kerala,198.,12,Ernakulam,1245972,480105,485690,6,965801,0,1589,967390,77.64,78.99,76.1,46.15
Kerala,199.,13,Idukki,1204191,466078,451489,1,917568,5,1991,919559,76.36,77.82,74.6,33.33
Kerala,200.,14,Kottayam,1206698,456630,451086,3,907719,15,2929,910648,75.47,77.2,73.32,37.5
Kerala,201.,15,Alappuzha,1356701,520042,562480,0,1082522,196,7590,1090112,80.35,79.14,80.4,0
Kerala,202.,16,Mavelikkara,1308102,450140,514148,1,964289,421,8071,972360,74.33,72.24,75.06,100
Kerala,203.,17,Pathanamthitta,1382741,490914,531776,3,1022693,13,4685,1027378,74.3,73.74,74.16,100
Kerala,204.,18,Kollam,1296720,445672,515612,4,961288,0,7729,969017,74.73,71.76,76.32,50
Kerala,205.,19,Attingal,1350710,458921,540333,4,999258,10,6790,1006048,74.48,72.47,75.31,28.57
Kerala,206.,20,Thiruvananthapuram,1371427,490244,513476,15,1003735,11,7533,1011268,73.74,73.76,72.66,44.12
Lakshadweep,207.,1,Lakshadweep,55189,23328,23549,0,46877,0,149,47026,85.21,83.16,86.78,0
Madhya Pradesh,208.,1,MORENA,1837723,646523,486232,13,1132768,0,5966,1138734,61.96,64.71,57.98,20.63
Madhya Pradesh,209.,2,BHIND,1765334,561487,393454,18,954959,0,7758,962717,54.53,57.99,49.37,32.14
Madhya Pradesh,210.,3,GWALIOR,2000744,621943,570556,27,1192526,0,4362,1196888,59.82,57.6,61.95,40.91
Madhya Pradesh,211.,4,GUNA,1675724,658166,514437,24,1172627,0,6080,1178707,70.34,74.02,65.41,54.55
Madhya Pradesh,212.,5,SAGAR,1583129,594998,440864,12,1035874,0,1662,1037536,65.54,70.73,59.43,32.43
Madhya Pradesh,213.,6,TIKAMGARH,1647399,607602,487321,12,1094935,0,2519,1097454,66.62,69.4,63.13,41.38
Madhya Pradesh,214.,7,DAMOH,1768777,655175,508615,11,1163801,0,604,1164405,65.83,70.16,60.91,45.83
Madhya Pradesh,215.,8,KHAJURAHO,1842095,681995,574761,14,1256770,0,1546,1258316,68.31,70.26,65.96,29.79
Madhya Pradesh,216.,9,SATNA,1575064,586320,525591,5,1111916,0,1839,1113755,70.71,70.44,70.77,15.15
Madhya Pradesh,217.,10,REWA,1679534,534294,475310,3,1009607,0,5025,1014632,60.41,59.67,60.61,27.27
Madhya Pradesh,218.,11,SIDHI,1845547,671661,609283,2,1280946,0,1759,1282705,69.5,69.49,69.32,10
Madhya Pradesh,219.,12,SHAHDOL,1656474,640890,593874,9,1234773,0,3713,1238486,74.77,75.53,73.51,36
Madhya Pradesh,220.,13,JABALPUR,1819893,673476,589120,15,1262611,0,1449,1264060,69.46,71.51,67.1,18.52
Madhya Pradesh,221.,14,MANDLA,1951267,770677,743270,12,1513959,0,3972,1517931,77.79,78.37,76.79,48
Madhya Pradesh,222.,15,BALAGHAT,1767725,683773,683107,5,1366885,0,5845,1372730,77.66,77.21,77.44,55.56
Madhya Pradesh,223.,16,CHHINDWARA,1514783,643874,602327,9,1246210,0,2268,1248478,82.42,83.2,81.3,50
Madhya Pradesh,224.,17,HOSHANGABAD,1706141,699824,564814,41,1264679,0,1625,1266304,74.22,77.93,69.9,65.08
Madhya Pradesh,225.,18,VIDISHA,1741604,695861,550527,21,1246409,0,4604,1251013,71.83,75.67,66.98,46.67
Madhya Pradesh,226.,19,BHOPAL,2142861,761678,644492,66,1406236,0,2433,1408669,65.74,67.9,63.13,36.07
Madhya Pradesh,227.,20,RAJGARH,1694329,701961,556087,12,1258060,0,2870,1260930,74.42,79.67,68.38,46.15
Madhya Pradesh,228.,21,DEWAS,1760503,760239,636493,12,1396744,0,2952,1399696,79.51,83.16,75.21,37.5
Madhya Pradesh,229.,22,UJJAIN,1661229,671867,578580,18,1250465,0,2598,1253063,75.43,78.97,71.4,25
Madhya Pradesh,230.,23,MANDSOUR,1760875,729015,639206,15,1368236,0,3299,1371535,77.89,80.84,74.4,57.69
Madhya Pradesh,231.,24,RATLAM,1851112,721186,676258,11,1397455,0,3880,1401335,75.7,77.59,73.38,37.93
Madhya Pradesh,232.,25,DHAR,1786151,705191,637344,10,1342545,0,1629,1344174,75.26,77.53,72.71,20.41
Madhya Pradesh,233.,26,INDORE,2350580,876605,750081,50,1626736,0,2859,1629595,69.33,72.54,65.68,27.78
Madhya Pradesh,234.,27,KHARGONE,1834385,741129,684159,10,1425298,0,2704,1428002,77.85,79.76,75.58,52.63
Madhya Pradesh,235.,28,KHANDWA,1909055,774542,691781,18,1466341,0,1815,1468156,76.9,78.79,74.72,23.38
Madhya Pradesh,236.,29,BETUL,1737437,709766,646805,9,1356580,0,1756,1358336,78.18,79.08,77.01,32.14
Maharashtra,237.,1,Nandurbar,1871099,663475,614513,3,1277991,0,6555,1284546,68.65,70.23,66.34,13.64
Maharashtra,238.,2,Dhule,1908173,590252,489597,7,1079856,0,8722,1088578,57.05,59.19,53.74,33.33
Maharashtra,239.,3,Jalgaon,1931400,584596,495967,13,1080576,0,11711,1092287,56.55,57.61,54.11,20.31
Maharashtra,240.,4,Raver,1775051,583456,505236,1,1088693,0,7818,1096511,61.77,63.04,59.48,3.45
Maharashtra,241.,5,Buldhana,1762918,601170,516898,1,1118069,0,3082,1121151,63.6,64.95,61.73,11.11
Maharashtra,242.,6,Akola,1865169,607024,509871,7,1116902,0,3283,1120185,60.06,62.73,56.81,14.58
Maharashtra,243.,7,Amravati,1833091,602099,502841,7,1104947,0,8906,1113853,60.76,63.65,56.68,18.92
Maharashtra,244.,8,Wardha,1743283,573147,494005,6,1067158,0,5499,1072657,61.53,64.07,58.2,33.33
Maharashtra,245.,9,Ramtek,1922764,638891,553537,1,1192429,0,5376,1197805,62.3,64.01,59.87,3.13
Maharashtra,246.,10,Nagpur,2161096,620371,561330,14,1181715,0,5500,1187215,54.94,56.55,52.76,18.18
Maharashtra,247.,11,Bhandara - gondiya,1811556,627085,608475,0,1235560,0,10983,1246543,68.81,69.06,67.35,0
Maharashtra,248.,12,Gadchiroli-Chimur,1581366,580321,557036,1,1137358,0,6376,1143734,72.33,72.45,71.38,33.33
Maharashtra,249.,13,Chandrapur,1910188,652103,581678,5,1233786,0,5700,1239486,64.89,66.01,63.07,20
Maharashtra,250.,14,Yavatmal-Washim,1916185,622515,547460,2,1169977,0,4847,1174824,61.31,62.56,59.44,6.25
Maharashtra,251.,15,Hingoli,1733729,617418,534776,1,1152195,0,6572,1158767,66.84,68.12,64.64,7.69
Maharashtra,252.,16,Nanded,1719322,594854,524389,12,1119255,0,10207,1129462,65.69,66.64,63.43,19.05
Maharashtra,253.,17,Parbhani,1985228,676532,574979,0,1251511,0,1581,1253092,63.12,65.41,60.46,0
Maharashtra,254.,18,Jalna,1867220,657947,545873,1,1203821,0,5275,1209096,64.75,66.42,62.27,12.5
Maharashtra,255.,19,Aurangabad,1886284,659019,537423,7,1196449,0,2278,1198727,63.55,66.3,60.23,28
Maharashtra,256.,20,Dindori,1732936,628124,506627,3,1134754,0,3948,1138702,65.71,69.38,61.21,27.27
Maharashtra,257.,21,Nashik,1885064,615905,502643,5,1118553,0,3539,1122092,59.53,62.1,56.27,33.33
Maharashtra,258.,22,Palghar,1885600,641041,560121,24,1201186,0,1011,1202197,63.76,64.8,62.5,21.62
Maharashtra,259.,23,Bhiwandi,1890100,569800,432947,16,1002763,0,2842,1005605,53.2,54.95,50.76,13.91
Maharashtra,260.,24,Kalyan,1965676,507052,380831,72,887955,0,2737,890692,45.31,47.75,42.15,26.37
Maharashtra,261.,25,Thane,2370903,647401,519722,15,1167138,0,3832,1170970,49.39,50.02,48.28,23.44
Maharashtra,262.,26,Mumbai North,1647350,542095,445794,167,988056,0,1906,989962,60.09,60.9,58.9,50.3
Maharashtra,263.,27,Mumbai North West,1732263,521862,418265,4,940131,2,1700,941831,54.37,54.91,53.5,22.22
Maharashtra,264.,28,Mumbai North East,1588693,503965,403222,41,907228,2,1953,909181,57.23,58.26,55.73,29.5
Maharashtra,265.,29,Mumbai North central,1679891,495920,404526,5,900451,0,1346,901797,53.68,54.09,53.01,22.73
Maharashtra,266.,30,Mumbai South central,1440380,432252,363195,31,795478,0,2425,797903,55.4,55.56,54.83,34.07
Maharashtra,267.,31,Mumbai South,1554176,438484,361012,5,799501,0,2298,801799,51.59,51.32,51.59,21.74
Maharashtra,268.,32,Raigad,1652965,505067,515102,0,1020169,0,7414,1027583,62.17,62.3,61.16,0
Maharashtra,269.,33,Maval,2298080,743584,621926,5,1365515,0,3941,1369456,59.59,61.78,56.83,12.82
Maharashtra,270.,34,Pune,2075824,550415,483397,12,1033824,0,1830,1035654,49.89,51.52,47.98,15
Maharashtra,271.,35,Baramati,2114663,711804,587435,3,1299242,0,8076,1307318,61.82,63.99,58.61,9.09
Maharashtra,272.,36,Shirur,2175529,717962,572428,5,1290395,0,2760,1293155,59.44,62.61,55.64,11.36
Maharashtra,273.,37,Ahmadnagar,1861396,652845,539052,8,1191905,0,14185,1206090,64.79,66.77,61,9.09
Maharashtra,274.,38,Shirdi,1587079,559147,463259,33,1022439,0,8063,1030502,64.93,67.84,60.73,45.21
Maharashtra,275.,39,Beed,2045405,732331,616806,1,1349138,0,4304,1353442,66.17,67.59,64.12,25
Maharashtra,276.,40,Osmanabad,1889740,640975,553782,11,1194768,0,10064,1204832,63.76,63.82,62.55,44
Maharashtra,277.,41,Latur,1886657,625060,545401,3,1170464,0,7625,1178089,62.44,62.82,61.17,33.33
Maharashtra,278.,42,Solapur,1851654,586352,494896,6,1081254,0,5090,1086344,58.67,60.76,55.82,10.71
Maharashtra,279.,43,Madha,1909574,657100,553629,3,1210732,0,7091,1217823,63.77,65.46,61.12,25
Maharashtra,280.,44,Sangli,1809109,625663,553143,17,1178823,0,13748,1192571,65.92,66.9,63.3,23.29
Maharashtra,281.,45,Satara,1848489,578908,530348,4,1109260,0,8497,1117757,60.47,61.25,58.71,23.53
Maharashtra,282.,46,Ratnagiri - sindhudurg,1455577,447687,449668,0,897355,0,5000,902355,61.99,62.79,60.56,0
Maharashtra,283.,47,Kolhapur,1880496,693774,631630,4,1325408,0,7096,1332504,70.86,72.03,68.86,21.05
Maharashtra,284.,48,Hatkanangle,1776555,659957,586281,18,1246256,1,8057,1254313,70.6,71.87,68.32,26.87
Manipur,285.,1,Inner manipur,937464,353996,400564,13,754573,0,5883,760456,81.12,77.58,83.26,40.63
Manipur,286.,2,Outer manipur,1022099,414050,437781,4,851835,0,8160,859995,84.14,81.71,84.95,30.77
Meghalaya,287.,1,Shillong,1197806,361013,421560,0,782573,0,1706,784279,65.48,61.6,68.91,0
Meghalaya,288.,2,Tura,716990,290477,292024,0,582501,0,979,583480,81.38,79.9,82.62,0
Mizoram,289.,1,MIZORAM,792464,244562,252218,0,496780,0,3567,500347,63.14,62.99,62.4,0
Nagaland,290.,1,Nagaland,1213777,507247,494895,0,1002142,0,5295,1007437,83,82.44,82.69,0
NCT OF Delhi,291.,1,CHANDNI CHOWK,1562283,540841,438037,43,978921,0,1893,980814,62.78,63.73,61.39,32.58
NCT OF Delhi,292.,2,NORTH EAST DELHI,2290492,807473,650546,27,1458046,0,4721,1462767,63.86,64.44,62.71,31.4
NCT OF Delhi,293.,3,EAST DELHI,2039302,694305,561981,28,1256314,0,1881,1258195,61.7,61.46,61.79,35.44
NCT OF Delhi,294.,4,NEW DELHI,1617470,506403,412647,6,919056,0,1511,920567,56.91,56.5,57.22,25
NCT OF Delhi,295.,5,NORTH WEST DELHI,2378995,775650,626168,24,1401842,0,1144,1402986,58.97,59.4,58.35,15.19
NCT OF Delhi,296.,6,WEST DELHI,2371644,780000,657076,11,1437087,0,5405,1442492,60.82,60.93,60.2,18.33
NCT OF Delhi,297.,7,SOUTH DELHI,2067463,683436,529057,18,1212511,0,2034,1214545,58.75,58.47,58.88,13.85
Odisha,298.,1,Bargarh,1596290,641109,601959,28,1243096,0,7982,1251078,78.37,78.35,77.38,18.42
Odisha,299.,2,Sundargarh,1531525,546203,551465,4,1097672,0,3377,1101049,71.89,71.25,72.1,3.2
Odisha,300.,3,Sambalpur,1468530,564201,556953,10,1121164,0,5498,1126662,76.72,75.9,76.82,9.52
Odisha,301.,4,Keonjhar,1516688,585675,587849,2,1173526,0,2953,1176479,77.57,76.88,77.89,1.48
Odisha,302.,5,Mayurbhanj,1493205,561844,583667,1,1145512,0,6181,1151693,77.13,75.48,77.95,2.5
Odisha,303.,6,Balasore,1531781,577810,576608,3,1154421,0,4934,1159355,75.69,73.65,77.18,3.95
Odisha,304.,7,Bhadrak,1661661,599696,620167,12,1219875,0,8171,1228046,73.9,69.56,77.58,9.68
Odisha,305.,8,Jajpur,1475007,556801,529026,21,1085848,0,7117,1092965,74.1,72.34,75.02,35
Odisha,306.,9,Dhenkanal,1504403,582956,543693,1,1126650,0,6563,1133213,75.33,74.13,75.74,0.87
Odisha,307.,10,Bolangir,1744446,667757,636288,5,1304050,0,2694,1306744,74.91,74.07,75.5,4.03
Odisha,308.,11,Kalahandi,1611056,608823,614080,3,1222906,0,8023,1230929,76.41,74.73,77.12,2.56
Odisha,309.,12,Nabarangpur,1461004,567769,589399,29,1157197,0,4590,1161787,79.52,79.22,79.2,26.13
Odisha,310.,13,Kandhamal,1288666,471069,468424,5,939498,0,2543,942041,73.1,72.53,73.3,5.95
Odisha,311.,14,Cuttack,1518996,555577,501846,21,1057444,0,3015,1060459,69.81,69.8,69.43,10.88
Odisha,312.,15,Kendrapara,1710916,625161,609709,3,1234873,0,3575,1238448,72.39,69.79,74.81,2.44
Odisha,313.,16,Jagatsinghpur,1643595,634022,591593,0,1225615,0,4212,1229827,74.83,73.78,75.45,0
Odisha,314.,17,Puri,1562331,584072,548714,17,1132803,0,3321,1136124,72.72,71.59,73.51,19.1
Odisha,315.,18,Bhubaneswar,1699678,534680,468962,62,1003704,0,1920,1005624,59.17,58.84,59.33,11.79
Odisha,316.,19,Aska,1541145,502075,509462,4,1011541,0,2349,1013890,65.79,61.4,70.44,3.33
Odisha,317.,20,Berhampur,1502455,486468,500690,5,987163,0,2924,990087,65.9,63.92,67.54,6.25
Odisha,318.,21,Koraput,1434384,517114,559207,51,1076372,0,4297,1080669,75.34,75.43,74.7,20.24
Puducherry,319.,1,Puducherry,973410,371347,418834,71,790252,0,643,790895,81.25,80.81,81.52,73.96
Punjab,320.,1,Gurdaspur,1595284,560368,533051,9,1093428,14,11118,1104546,69.24,65.94,71.5,20.45
Punjab,321.,2,Amritsar,1507875,466526,390128,4,856658,1,3924,860582,57.07,58.2,55.24,6.9
Punjab,322.,3,Khadoor Sahib,1638842,542159,498469,8,1040636,1,7514,1048150,63.96,62.47,64.66,10.96
Punjab,323.,4,Jalandhar,1617018,519020,499182,7,1018209,1,1194,1019403,63.04,61.52,64.54,35
Punjab,324.,5,Hoshiarpur,1597500,485078,496757,7,981842,0,9823,991665,62.08,58.3,64.9,23.33
Punjab,325.,6,Anandpur Sahib,1698876,553140,524356,25,1077521,12,4503,1082024,63.69,62.19,64.79,59.52
Punjab,326.,7,Ludhiana,1683325,576920,467949,19,1044888,0,2137,1047025,62.2,63.85,60.02,26.76
Punjab,327.,8,Fatehgarh Sahib,1502861,534375,449101,10,983486,1,3675,987161,65.69,66.82,63.87,32.26
Punjab,328.,9,Faridkot,1541971,524952,446044,13,971009,2,4233,975242,63.25,64.16,61.63,35.14
Punjab,329.,10,Firozpur,1618419,625836,540872,9,1166717,0,6084,1172801,72.47,72.52,71.6,25.71
Punjab,330.,11,Bathinda,1621671,639646,556155,9,1195810,1,6783,1202593,74.16,74.26,73.15,45
Punjab,331.,12,Sangrur,1529431,595750,506594,9,1102353,0,4903,1107256,72.4,73.11,70.9,36
Punjab,332.,13,Patiala,1739600,632621,542886,21,1175528,0,3319,1178847,67.77,69.17,65.81,28.38
Rajasthan,333.,1,Ganganagar,1943486,763551,680832,11,1444394,0,8691,1453085,74.77,75.02,73.55,44
Rajasthan,334.,2,Bikaner (SC),1851628,613781,481912,5,1095698,0,4802,1100500,59.43,62.75,55.17,31.25
Rajasthan,335.,3,Churu,2019104,687931,632219,1,1320151,0,10521,1330672,65.9,64.79,66.04,20
Rajasthan,336.,4,Jhunjhunu,1937882,601852,578034,1,1179887,0,23815,1203702,62.11,58.82,63.19,100
Rajasthan,337.,5,Sikar,2041612,667944,643401,4,1311349,0,19312,1330661,65.18,62.01,66.71,100
Rajasthan,338.,6,Jaipur Rural,1952542,675930,587365,1,1263296,0,16371,1279667,65.54,65.55,63.75,20
Rajasthan,339.,7,Jaipur,2127021,784372,663540,12,1447924,0,8582,1456506,68.48,70.07,65.86,48
Rajasthan,340.,8,Alwar,1888524,673164,579086,3,1252253,0,16224,1268477,67.17,67.15,65.36,30
Rajasthan,341.,9,BHARATPUR,1943794,620165,517998,5,1138168,0,10803,1148971,59.11,59.55,57.4,45.45
Rajasthan,342.,10,KARAULI-DHOLPUR,1810574,554132,440287,2,994421,0,4709,999130,55.18,56.76,52.77,14.29
Rajasthan,343.,11,Dausa,1730289,573319,483328,0,1056647,0,7431,1064078,61.5,62.6,59.35,0
Rajasthan,344.,12,TONK-SAWAI MADHOPUR,1945992,663862,564693,0,1228555,0,5912,1234467,63.44,64.82,61.26,0
Rajasthan,345.,13,Ajmer,1876346,652041,604830,7,1256878,0,6368,1263246,67.32,68.09,65.84,58.33
Rajasthan,346.,14,Nagaur,1933169,618537,577497,2,1196036,0,8737,1204773,62.32,61.31,62.48,25
Rajasthan,347.,15,Pali,2161663,686790,658426,9,1345225,0,16290,1361515,62.98,60.9,63.69,50
Rajasthan,348.,16,Jodhpur,1956755,711438,623545,2,1334985,5,12948,1347933,68.89,69.32,67.02,20
Rajasthan,349.,17,Barmer,1941231,746375,671560,6,1417941,0,4934,1422875,73.3,72.23,73.97,46.15
Rajasthan,350.,18,Jalore,2071244,699922,660874,3,1360799,0,828,1361627,65.74,64.24,67.32,23.08
Rajasthan,351.,19,Udaipur,2069559,722674,725529,0,1448203,0,7214,1455417,70.32,68.86,71.13,0
Rajasthan,352.,20,Banswara,1975368,704324,733142,4,1437470,0,2639,1440109,72.9,70.65,74.93,57.14
Rajasthan,353.,21,Chittorgarh,2015911,755697,698787,5,1454489,0,4777,1459266,72.39,74.24,70.02,41.67
Rajasthan,354.,22,Rajsamand,1912911,620927,613083,7,1234017,0,6831,1240848,64.87,63.1,66,46.67
Rajasthan,355.,23,Bhilwara,1997328,666299,641037,1,1307337,0,3674,1311011,65.64,65.58,65.33,20
Rajasthan,356.,24,Kota,1948010,722450,637676,6,1360132,0,7796,1367928,70.22,71.77,67.74,37.5
Rajasthan,357.,25,JHALAWAR-BARAN,1903870,732783,636485,8,1369276,0,741,1370017,71.96,75.03,68.65,50
Sikkim,358.,1,Sikkim,434128,173235,166645,0,339880,0,13535,353415,81.41,78,78.6,0
Tamil Nadu,359.,1,Thiruvallur,1946870,711490,691821,38,1403349,0,4916,1408265,72.33,73.93,70.3,10.98
Tamil Nadu,360.,2,Chennai North,1487681,477845,474835,90,952770,0,3161,955931,64.26,65.56,62.61,19.74
Tamil Nadu,361.,3,Chennai South,1973533,567542,555856,12,1123410,0,2931,1126341,57.07,57.93,55.95,3.08
Tamil Nadu,362.,4,Chennai central,1332300,399357,383273,56,782686,0,3071,785757,58.98,60.45,57.09,15.82
Tamil Nadu,363.,5,Sriperumbudur,2253448,717038,686116,24,1403178,0,3975,1407153,62.44,63.85,60.72,7.06
Tamil Nadu,364.,6,Kancheepuram,1643992,623089,609297,31,1232417,0,5741,1238158,75.31,77.28,72.75,17.92
Tamil Nadu,365.,7,Arakkonam,1500016,580530,589120,27,1169677,0,10035,1179712,78.65,78.85,77.15,34.18
Tamil Nadu,366.,8,Vellore,1438643,503311,521692,39,1025042,0,3058,1028100,71.46,71.16,71.35,37.14
Tamil Nadu,367.,9,Krishnagiri,1530404,588058,569700,35,1157793,0,4480,1162273,75.95,75.72,75.6,14.83
Tamil Nadu,368.,10,Dharmapuri,1485804,617619,594650,42,1212311,0,12154,1224465,82.41,81.58,81.62,32.31
Tamil Nadu,369.,11,Tiruvannamalai,1473862,565142,579380,27,1144549,0,7242,1151791,78.15,77.34,77.97,35.06
Tamil Nadu,370.,12,Arani,1449150,566134,571075,16,1137225,0,7692,1144917,79.01,78.88,78.09,20.51
Tamil Nadu,371.,13,Viluppuram,1444335,564557,566199,43,1130799,0,5299,1136098,78.66,78.23,78.37,23.24
Tamil Nadu,372.,14,Kallakurichi,1528938,580683,617701,39,1198423,0,6512,1204935,78.81,76.58,80.17,21.79
Tamil Nadu,373.,15,Salem,1612512,639561,610150,44,1249755,0,6575,1256330,77.91,78.93,76.06,48.89
Tamil Nadu,374.,16,Namakkal,1413599,555962,573885,43,1129890,0,4094,1133984,80.22,79.93,79.94,38.74
Tamil Nadu,375.,17,Erode,1462246,529075,532968,30,1062073,0,6930,1069003,73.11,73.92,71.41,28.85
Tamil Nadu,376.,18,Tiruppur,1530014,566137,549529,27,1115693,0,4400,1120093,73.21,74.19,71.67,19.85
Tamil Nadu,377.,19,Nilgiris,1366060,499957,507807,10,1007774,0,3275,1011049,74.01,75.09,72.52,14.49
Tamil Nadu,378.,20,Coimbatore,1958904,634627,610981,36,1245644,0,5285,1250929,63.86,64.86,62.33,16.9
Tamil Nadu,379.,21,Pollachi,1520504,536887,540497,36,1077420,0,4468,1081888,71.15,71.99,69.79,20.81
Tamil Nadu,380.,22,Dindigul,1541881,568983,586609,15,1155607,0,5324,1160931,75.29,75.38,74.55,9.49
Tamil Nadu,381.,23,Karur,1387286,532989,564924,34,1097947,0,5698,1103645,79.55,78.49,79.77,50.75
Tamil Nadu,382.,24,Tiruchirappalli,1508963,513314,527326,71,1040711,0,8068,1048779,69.5,69.38,68.58,47.97
Tamil Nadu,383.,25,Perambalur,1391853,524468,570254,32,1094754,0,8406,1103160,79.26,77.21,80.04,39.02
Tamil Nadu,384.,26,Cuddalore,1364038,505581,533135,25,1038741,0,4639,1043380,76.49,75.01,77.28,27.47
Tamil Nadu,385.,27,Chidambaram,1480222,553860,595522,3,1149385,0,4872,1154257,77.98,75.07,80.22,5.08
Tamil Nadu,386.,28,Mayiladuthurai,1484842,529933,562966,18,1092917,0,4863,1097780,73.93,72.08,75.11,36
Tamil Nadu,387.,29,Nagapattinam,1303649,476344,521489,10,997843,0,5077,1002920,76.93,74.03,78.99,25
Tamil Nadu,388.,30,Thanjavur,1461052,495980,556575,15,1052570,0,7482,1060052,72.55,69.69,74.29,15.46
Tamil Nadu,389.,31,Sivaganga,1552019,495947,585207,13,1081167,0,3739,1084906,69.9,64.63,74.59,19.7
Tamil Nadu,390.,32,Madurai,1539026,500312,511142,46,1011500,0,5622,1017122,66.09,65.94,65.52,47.92
Tamil Nadu,391.,33,Theni,1561040,571213,596677,29,1167919,0,7089,1175008,75.27,73.66,75.97,15.85
Tamil Nadu,392.,34,Virudhunagar,1484256,520544,544786,12,1065342,0,10584,1075926,72.49,71.53,72.02,9.23
Tamil Nadu,393.,35,Ramanathapuram,1559740,491515,569601,8,1061124,0,5799,1066923,68.4,63.21,72.83,9.76
Tamil Nadu,394.,36,Thoothukkudi,1427783,478152,507621,36,985809,0,6158,991967,69.48,68.04,70.02,31.03
Tamil Nadu,395.,37,Tenkasi,1492317,506970,548621,4,1055595,0,10413,1066008,71.43,68.9,72.53,5.13
Tamil Nadu,396.,38,Tirunelveli,1547800,499295,533224,11,1032530,0,7860,1040390,67.22,65.71,67.68,16.18
Tamil Nadu,397.,39,Kanniyakumari,1501250,510999,531602,24,1042625,0,6802,1049427,69.9,67.16,71.81,15.09
Telangana,398.,1,Adilabad,1489790,523054,539832,9,1062895,0,1082,1063977,71.42,71.49,71.21,16.07
Telangana,399.,2,Peddapalle,1479091,484439,484738,21,969198,0,967,970165,65.59,65.41,65.65,25.3
Telangana,400.,3,Karimnagar,1651543,558800,588108,7,1146915,0,1286,1148201,69.52,68.49,70.38,20.59
Telangana,401.,4,Nizamabad,1553385,474024,587594,4,1061622,0,1560,1063182,68.44,64.22,72.07,13.79
Telangana,402.,5,Zahirabad,1498666,514518,529323,2,1043843,0,661,1044504,69.7,69.7,69.61,3.28
Telangana,403.,6,Medak,1603318,581947,567533,10,1149490,0,841,1150331,71.75,72.82,70.58,24.39
Telangana,404.,7,Malkajgiri,3150313,823072,738294,34,1561400,0,2246,1563646,49.63,50.25,48.83,9.74
Telangana,405.,8,Secundrabad,1968276,488024,426124,6,914154,0,1109,915263,46.5,47.61,45.18,10.17
Telangana,406.,9,Hyderabad,1957931,479564,397698,5,877267,0,674,877941,44.84,47.36,42.07,3.79
Telangana,407.,10,CHEVELLA,2443112,678645,620290,18,1298953,0,2045,1300998,53.25,53.67,52.64,7.83
Telangana,408.,11,Mahbubnagar,1506102,494155,489732,4,983891,0,876,984767,65.39,65.7,64.95,10.26
Telangana,409.,12,Nagarkurnool,1588111,502620,486427,1,989048,0,845,989893,62.33,62.95,61.61,2.56
Telangana,410.,13,Nalgonda,1585980,585803,588944,3,1174750,0,1234,1175984,74.15,74.66,73.5,11.11
Telangana,411.,14,Bhongir,1628033,616922,594332,2,1211256,0,1521,1212777,74.49,75.32,73.47,6.67
Telangana,412.,15,Warangal,1666770,530268,530078,66,1060412,0,1260,1061672,63.7,63.92,63.33,36.26
Telangana,413.,16,Mahabubabad,1424385,485104,497622,8,982734,0,973,983707,69.06,69.01,68.98,17.02
Telangana,414.,17,Khammam,1513809,559568,578825,32,1138425,0,1423,1139848,75.3,75.59,74.84,48.48
Tripura,415.,1,Tripura West,1352857,559005,542353,4,1101362,0,7065,1108427,81.93,81.32,81.51,40
Tripura,416.,2,Tripura East,1261861,529358,511554,1,1040913,0,5210,1046123,82.9,82.52,82.46,25
Uttar Pradesh,417.,1,Saharanpur,1739082,663829,565077,9,1228915,0,3523,1232438,70.87,71.32,69.92,10.98
Uttar Pradesh,418.,2,Kairana,1666703,606832,514021,10,1120863,0,3350,1124213,67.45,67.41,67.07,10.75
Uttar Pradesh,419.,3,Muzaffarnagar,1698003,624979,529210,3,1154192,0,7582,1161774,68.42,67.84,68.14,2.7
Uttar Pradesh,420.,4,Bijnor,1664125,585728,510581,4,1096313,0,5653,1101966,66.22,65.39,66.45,5
Uttar Pradesh,421.,5,Nagina,1586117,515070,490879,6,1005955,0,3830,1009785,63.66,61.04,66.14,10
Uttar Pradesh,422.,6,Moradabad,1958939,691615,588042,12,1279669,0,2596,1282265,65.46,65.94,64.62,12.37
Uttar Pradesh,423.,7,Rampur,1679506,565546,494611,4,1060161,0,1077,1061238,63.19,62.66,63.68,2.45
Uttar Pradesh,424.,8,Sambhal,1828764,645902,536303,4,1182209,0,1579,1183788,64.73,65.54,63.61,3.15
Uttar Pradesh,425.,9,Amroha,1646435,616570,550735,3,1167308,0,2446,1169754,71.05,70.33,71.55,3.53
Uttar Pradesh,426.,10,Meerut,1892931,673088,538984,4,1212076,0,4864,1216940,64.29,65.12,62.73,3.01
Uttar Pradesh,427.,11,Baghpat,1616476,581282,455777,2,1037061,0,8546,1045607,64.68,64.79,63.37,2.35
Uttar Pradesh,428.,12,Ghaziabad,2728978,854916,666970,6,1521892,0,3205,1525097,55.89,56.25,55.17,5.5
Uttar Pradesh,429.,13,Gautam Buddha Nagar,2302960,773558,616093,4,1389655,0,3486,1393141,60.49,60.99,59.55,3.01
Uttar Pradesh,430.,14,Bulandshahr,1787925,584669,533764,9,1118442,0,6558,1125000,62.92,61.35,63.94,9.47
Uttar Pradesh,431.,15,Aligarh,1887127,625385,530640,5,1156030,0,7920,1163950,61.68,61.79,60.65,4.27
Uttar Pradesh,432.,16,Hathras,1864320,621305,522728,2,1144035,0,7426,1151461,61.76,61.53,61.17,3.23
Uttar Pradesh,433.,17,Mathura,1807893,611218,486892,2,1098112,0,6213,1104325,61.08,62.1,59.13,0.99
Uttar Pradesh,434.,18,Agra,1937690,644571,496879,5,1141455,0,4174,1145629,59.12,60.95,56.47,5.1
Uttar Pradesh,435.,19,Fatehpur Sikri,1718837,580669,450331,4,1031004,0,7456,1038460,60.42,61.72,57.88,7.69
Uttar Pradesh,436.,20,Firozabad,1790510,592593,479885,2,1072480,0,4094,1076574,60.13,61.45,58.1,2.2
Uttar Pradesh,437.,21,Mainpuri,1723236,543014,429681,2,972697,0,5564,978261,56.77,58.13,54.45,3.45
Uttar Pradesh,438.,22,Etah,1621295,536075,461773,5,997853,0,2499,1000352,61.7,61,62.2,10.87
Uttar Pradesh,439.,23,Badaun,1891576,592408,486684,9,1079101,0,2373,1081474,57.17,57.67,56.31,9.38
Uttar Pradesh,440.,24,Aonla,1785605,580835,469654,4,1050493,0,2409,1052902,58.97,59.43,58.11,4.6
Uttar Pradesh,441.,25,Bareilly,1797655,589861,475904,3,1065768,0,3188,1068956,59.46,60.21,58.19,3.61
Uttar Pradesh,442.,26,Pilibhit,1761207,639291,543594,5,1182890,0,4335,1187225,67.41,67.38,66.92,6.58
Uttar Pradesh,443.,27,Shahjahanpur,2114201,664430,515538,6,1179974,0,7159,1187133,56.15,57.37,53.93,3.82
Uttar Pradesh,444.,28,Kheri,1770699,623854,512343,6,1136203,0,569,1136772,64.2,65.88,62.2,16.67
Uttar Pradesh,445.,29,Dhaurahra,1644674,598573,464597,8,1063178,0,775,1063953,64.69,67.66,61.14,8.42
Uttar Pradesh,446.,30,Sitapur,1666126,585694,477676,8,1063378,0,1844,1065222,63.93,65.79,61.57,11.59
Uttar Pradesh,447.,31,Hardoi,1807119,587977,467415,0,1055392,0,2455,1057847,58.54,59.92,56.6,0
Uttar Pradesh,448.,32,Misrikh,1796932,572540,452522,1,1025063,0,2319,1027382,57.17,58.7,55.09,1.25
Uttar Pradesh,449.,33,Unnao,2191465,677560,557981,5,1235546,0,2005,1237551,56.47,56.39,56.38,5.15
Uttar Pradesh,450.,34,Mohanlalganj,2023431,700199,563737,0,1263936,0,6644,1270580,62.79,64.66,59.94,0
Uttar Pradesh,451.,35,Lucknow,2040367,609363,497734,3,1107100,6,10530,1117630,54.78,55.58,52.74,3.09
Uttar Pradesh,452.,36,Rae Bareli,1702248,486873,468447,1,955321,0,3701,959022,56.34,54.33,58.12,2
Uttar Pradesh,453.,37,Amethi,1743515,479441,461540,0,940981,0,1975,942956,54.08,51.86,56.37,0
Uttar Pradesh,454.,38,Sultanpur,1775196,499120,499917,4,999041,0,1723,1000764,56.37,53.72,59.09,5.48
Uttar Pradesh,455.,39,Pratapgarh,1708759,460484,449531,0,910015,0,5244,915259,53.56,50.24,56.75,0
Uttar Pradesh,456.,40,Farrukhabad,1708585,551171,449196,6,1000373,0,2868,1003241,58.72,59.29,57.68,7.79
Uttar Pradesh,457.,41,Etawah,1757984,558464,464983,3,1023450,0,5361,1028811,58.52,58.36,58.05,6.52
Uttar Pradesh,458.,42,Kannauj,1874824,622274,514822,4,1137100,0,3885,1140985,60.86,60.65,60.65,6.15
Uttar Pradesh,459.,43,Kanpur,1632983,475353,362893,7,838253,0,5166,843419,51.65,53.19,49.09,5.38
Uttar Pradesh,460.,44,Akbarpur,1766121,572760,446366,16,1019142,0,7491,1026633,58.13,59.37,55.7,15.24
Uttar Pradesh,461.,45,Jalaun,1933358,620288,506493,2,1126783,0,3963,1130746,58.49,59.06,57.36,2.41
Uttar Pradesh,462.,46,Jhansi,2040739,745494,633910,3,1379407,0,1723,1381130,67.68,69.02,65.99,4.62
Uttar Pradesh,463.,47,Hamirpur,1749100,590920,496952,14,1087886,0,2143,1090029,62.32,61.95,62.49,37.84
Uttar Pradesh,464.,48,Banda,1702024,551269,481995,12,1033276,0,1636,1034912,60.8,59.47,62.2,19.05
Uttar Pradesh,465.,49,Fatehpur,1839312,552984,486248,2,1039234,0,5255,1044489,56.79,55.35,57.87,3.28
Uttar Pradesh,466.,50,Kaushambi,1787120,507213,464469,3,971685,0,3352,975037,54.56,52.79,56.23,1.12
Uttar Pradesh,467.,51,Phulpur,2010477,538435,435879,12,974326,0,4751,979077,48.7,48.84,48.01,5.61
Uttar Pradesh,468.,52,Allahabad,1716160,494017,392794,4,886815,0,2738,889553,51.83,52.55,50.63,2.11
Uttar Pradesh,469.,53,Barabanki,1816830,637599,517214,5,1154818,0,890,1155708,63.61,65.73,61.08,9.09
Uttar Pradesh,470.,54,Faizabad,1821785,571394,514352,20,1085766,0,1654,1087420,59.69,58.67,60.67,35.09
Uttar Pradesh,471.,55,Ambedkar Nagar,1785657,556597,531868,0,1088465,0,2150,1090615,61.08,58.11,64.26,0
Uttar Pradesh,472.,56,Bahraich,1729908,528086,460816,8,988910,0,1233,990143,57.24,57.41,56.89,6.96
Uttar Pradesh,473.,57,Kaiserganj,1805946,522251,457572,0,979823,0,2500,982323,54.39,53.92,54.65,0
Uttar Pradesh,474.,58,Shrawasti,1914739,548122,448359,5,996486,0,653,997139,52.08,52.81,51.14,6.94
Uttar Pradesh,475.,59,Gonda,1770248,490088,432094,2,922184,0,1939,924123,52.2,50.92,53.5,2.78
Uttar Pradesh,476.,60,Domariyaganj,1885433,489185,495930,0,985115,0,215,985330,52.26,48.06,57.18,0
Uttar Pradesh,477.,61,Basti,1845223,537937,510947,1,1048885,0,6316,1055201,57.19,53.92,60.29,0.73
Uttar Pradesh,478.,62,Sant Kabir Nagar,1962903,527427,533378,1,1060806,0,3119,1063925,54.2,49.45,59.52,1.09
Uttar Pradesh,479.,63,Maharajganj,1915408,607060,618619,7,1225686,0,1538,1227224,64.07,59.3,69.39,2.66
Uttar Pradesh,480.,64,Gorakhpur,1981197,627713,553509,0,1181222,0,3703,1184925,59.81,57.83,61.81,0
Uttar Pradesh,481.,65,Kushi Nagar,1761564,526776,522399,4,1049179,0,4130,1053309,59.79,55.23,64.68,2.86
Uttar Pradesh,482.,66,Deoria,1754195,506109,502783,4,1008896,0,6700,1015596,57.9,52.86,63.11,4.17
Uttar Pradesh,483.,67,Bansgaon,1751258,482600,482462,2,965064,0,4719,969783,55.38,50.2,61.09,2.3
Uttar Pradesh,484.,68,Lalganj,1751980,468375,489947,0,958322,0,2742,961064,54.86,50.07,60,0
Uttar Pradesh,485.,69,Azamgarh,1789168,523819,501829,0,1025648,0,4148,1029796,57.56,53.81,61.52,0
Uttar Pradesh,486.,70,Ghosi,1991651,589077,548040,0,1137117,0,4363,1141480,57.31,54.88,59.69,0
Uttar Pradesh,487.,71,Salempur,1667282,469667,446144,0,915811,0,8290,924101,55.43,51.61,58.92,0
Uttar Pradesh,488.,72,Ballia,1822625,531670,449438,4,981112,0,9459,990571,54.35,52.9,54.97,7.55
Uttar Pradesh,489.,73,Jaunpur,1867976,520123,518437,0,1038560,0,3273,1041833,55.77,52.48,59.13,0
Uttar Pradesh,490.,74,Machhlishahr,1848306,511790,520320,1,1032111,0,3299,1035410,56.02,51.92,60.33,1.11
Uttar Pradesh,491.,75,Ghazipur,1881077,580248,519642,0,1099890,0,7607,1107497,58.88,56.35,61.04,0
Uttar Pradesh,492.,76,Chandauli,1756837,589802,490253,5,1080060,0,6133,1086193,61.83,61.35,61.64,4.46
Uttar Pradesh,493.,77,Varanasi,1856791,606306,452435,3,1058744,0,2085,1060829,57.13,59.03,54.54,2.54
Uttar Pradesh,494.,78,Bhadohi,1942514,540234,496990,5,1037229,0,2634,1039863,53.53,50.91,56.39,2.89
Uttar Pradesh,495.,79,Mirzapur,1845150,587558,520101,1,1107660,0,1399,1109059,60.11,60.34,59.69,0.65
Uttar Pradesh,496.,80,Robertsganj,1723538,534178,453411,0,987589,0,1215,988804,57.37,57.54,57.03,0
Uttarakhand,497.,1,Tehri Garhwal,1493543,428054,435743,9,863806,0,15377,879183,58.87,54.35,61.73,17.65
Uttarakhand,498.,2,Garhwal,1355796,330296,391050,3,721349,0,26673,748022,55.17,46.61,60.43,9.09
Uttarakhand,499.,3,Almora,1337808,309061,368861,2,677924,0,21883,699807,52.31,44.46,57.39,40
Uttarakhand,500.,4,Nainital-udhamsingh Nagar,1828433,647658,601589,9,1249256,0,11754,1261010,68.97,67.05,69.76,34.62
Uttarakhand,501.,5,Hardwar,1840738,671478,593713,22,1265213,0,8180,1273393,69.18,68.13,69.43,17.19
West Bengal,502.,1,Cooch behar,1814200,778609,741742,1,1520352,0,5094,1525446,84.08,82.39,85.33,16.67
West Bengal,503.,2,Alipurduars,1648383,689356,686548,1,1375905,0,5271,1381176,83.79,82.43,84.55,4.35
West Bengal,504.,3,Jalpaiguri,1735464,769205,728505,1,1497711,0,3668,1501379,86.51,86.52,86.07,5.56
West Bengal,505.,4,Darjeeling,1611317,642333,617792,0,1260125,0,9541,1269666,78.8,78.55,77.85,0
West Bengal,506.,5,Raiganj,1601220,639728,632825,4,1272557,0,5519,1278076,79.82,76.93,82.23,8.33
West Bengal,507.,6,Balurghat,1431704,605721,589598,21,1195340,0,2897,1198237,83.69,82.11,84.96,33.87
West Bengal,508.,7,Maldaha Uttar,1685955,661444,690382,4,1351830,0,3537,1355367,80.39,76.43,84.15,7.55
West Bengal,509.,8,Maldaha Dakshin,1575590,625059,650335,4,1275398,0,4579,1279977,81.24,77.88,84.13,11.76
West Bengal,510.,9,Jangipur,1616213,638429,664486,1,1302916,0,1713,1304629,80.72,77.27,84.12,2.44
West Bengal,511.,10,Baharampur,1638378,641365,654690,2,1296057,0,4976,1301033,79.41,76.08,82.31,5
West Bengal,512.,11,Murshidabad,1725187,720758,731221,4,1451983,0,2209,1454192,84.29,81.48,86.99,14.29
West Bengal,513.,12,Krishnanagar,1631698,688470,672857,4,1361331,0,5270,1366601,83.75,81.1,85.96,9.76
West Bengal,514.,13,Ranaghat,1762252,749675,729275,5,1478955,0,5842,1484797,84.26,82.34,85.62,10.42
West Bengal,515.,14,Bangaon,1704632,716577,687887,2,1404466,0,4187,1408653,82.64,81.79,83.03,8.7
West Bengal,516.,15,Barrackpore,1436431,579960,522600,7,1102567,0,2132,1104699,76.91,78.13,75.29,24.14
West Bengal,517.,16,Dum dum,1566196,619195,583905,7,1203107,0,1588,1204695,76.92,79.24,74.41,16.28
West Bengal,518.,17,Barasat,1718252,729072,664191,7,1393270,0,2924,1396194,81.26,83.54,78.56,15.91
West Bengal,519.,18,Basirhat,1678357,753166,679304,6,1432476,0,1293,1433769,85.43,87.11,83.49,23.08
West Bengal,520.,19,Jaynagar,1648355,710417,644971,3,1355391,0,995,1356386,82.29,83.9,80.47,5.26
West Bengal,521.,20,Mathurapur,1652096,722868,678047,4,1400919,0,1100,1402019,84.86,84.76,84.84,14.29
West Bengal,522.,21,Diamond harbour,1719190,745450,662528,9,1407987,0,1386,1409373,81.98,84.04,79.62,16.07
West Bengal,523.,22,Jadavpur,1816857,743145,691668,13,1434826,0,2457,1437283,79.11,81.69,76.26,17.33
West Bengal,524.,23,Kolkata Dakshin,1728851,638271,565962,3,1204236,0,2840,1207076,69.82,71.16,68.03,9.09
West Bengal,525.,24,Kolkata Uttar,1444082,527881,421566,6,949453,0,1186,950639,65.83,66.44,64.9,40
West Bengal,526.,25,Howrah,1633925,656812,564529,18,1221359,0,1349,1222708,74.83,76.94,72.36,69.23
West Bengal,527.,26,Uluberia,1614988,676981,633018,18,1310017,0,1103,1311120,81.18,81.32,80.9,43.9
West Bengal,528.,27,Srerampur,1785472,722334,677696,12,1400042,0,2217,1402259,78.54,78.83,77.97,31.58
West Bengal,529.,28,Hooghly,1766601,735764,719695,9,1455468,0,3166,1458634,82.57,82.49,82.28,25
West Bengal,530.,29,Arambagh,1764726,745780,724650,2,1470432,0,2030,1472462,83.44,82.29,84.41,11.11
West Bengal,531.,30,Tamluk,1694646,731556,712353,7,1443916,0,3024,1446940,85.38,83.32,87.24,21.21
West Bengal,532.,31,Kanthi,1660147,723072,698678,0,1421750,0,3216,1424966,85.83,84.09,87.31,0
West Bengal,533.,32,Ghatal,1800002,738122,748473,5,1486600,0,2738,1489338,82.74,79.94,85.38,25
West Bengal,534.,33,Jhargram,1641868,710101,691203,2,1401306,0,5925,1407231,85.71,85.61,85.08,15.38
West Bengal,535.,34,Medinipur,1674236,713838,693138,1,1406977,0,3344,1410321,84.24,84.16,83.91,6.25
West Bengal,536.,35,Purulia,1645884,695989,656252,1,1352242,0,3619,1355861,82.38,82.54,81.76,11.11
West Bengal,537.,36,Bankura,1648906,703940,663542,3,1367485,0,5160,1372645,83.25,83.66,82.18,33.33
West Bengal,538.,37,Bishnupur,1627199,731565,686305,1,1417871,0,3320,1421191,87.34,87.85,86.39,12.5
West Bengal,539.,38,Bardhaman Purba,1698089,731115,706739,10,1437864,0,1739,1439603,84.78,84.07,85.31,22.22
West Bengal,540.,39,Bardhaman Durgapur,1733578,738241,693229,5,1431475,0,1714,1433189,82.67,83.72,81.38,18.52
West Bengal,541.,40,Asansol,1615865,664991,572239,2,1237232,0,919,1238151,76.62,78.82,74.11,4.55
West Bengal,542.,41,Bolpur,1705073,747330,711617,2,1458949,0,2980,1461929,85.74,85.66,85.47,8.33
West Bengal,543.,42,Birbhum,1699219,743725,703397,1,1447123,0,2985,1450108,85.34,86.15,84.15,5.26
